<?xml version="1.0" encoding="UTF-8"?>
<project-private xmlns="http://www.netbeans.org/ns/project-private/1">
    <editor-bookmarks xmlns="http://www.netbeans.org/ns/editor-bookmarks/1"/>
    <editor-bookmarks xmlns="http://www.netbeans.org/ns/editor-bookmarks/2" lastBookmarkId="0"/>
    <open-files xmlns="http://www.netbeans.org/ns/projectui-open-files/2">
        <group>
            <file>file:/C:/Users/pjgar/Desktop/USP/3%20º%20Semestre/POO/Trabalho1/Skooter2021/src/Auxiliar/Posicao.java</file>
            <file>file:/C:/Users/pjgar/Desktop/USP/3%20º%20Semestre/POO/Trabalho1/Skooter2021/src/Controler/Tela.java</file>
            <file>file:/C:/Users/pjgar/Desktop/USP/3%20º%20Semestre/POO/Trabalho1/Skooter2021/src/Modelo/Main.java</file>
            <file>file:/C:/Users/pjgar/Desktop/USP/3%20º%20Semestre/POO/Trabalho1/Skooter2021/src/Controler/Fase.java</file>
        </group>
    </open-files>
</project-private>
